date,region,type,label,score,tags,link
2025-08-20,unknown,PLAYER_BURST,Mercado de fichajes: √∫ltima hora de Real Madrid ...,100.0,esordio|js-heavy|mercato|prestazioni,https://as.com/futbol/primera/mercado-de-fichajes-ultima-hora-de-real-madrid-barcelona-atletico-y-ligas-internacionales-n-103/
2025-08-20,unknown,NOISE_PULSE,"Paraense U20 2025 live scores, results, Football Brazil",100.0,js-heavy,https://www.flashscore.com/football/brazil/paraense-u20/
2025-08-20,unknown,TRANSFER_SIGNAL,Figuras destacadas y a seguir en el Sudamericano Sub 20 de ...,98.4,CONMEBOL|js-heavy|prestazioni,https://es-us.noticias.yahoo.com/deportes/figuras-destacadas-seguir-sudamericano-sub-225859999.html
2025-08-20,unknown,PLAYER_BURST,Mundial Femenino Sub-20 Colombia 2024 rompi√≥ r√©cords,76.6,CONMEBOL|esordio|js-heavy|prestazioni|youth,https://www.infobae.com/colombia/deportes/2024/09/23/el-mundial-femenino-sub-20-colombia-2024-el-segundo-con-mayor-asistencia-a-los-estadios-en-la-historia/
2025-08-20,unknown,TRANSFER_SIGNAL,"Mondial U20 : La liste, le calendrier, le programme TV... ...",67.6,js-heavy|mercato,https://footeuses.com/mondial-u20-la-liste-le-calendrier-et-le-programme-tv-tout-ce-quil-faut-savoir/
2025-08-20,unknown,PLAYER_BURST,Primeros clasificados a Semis en la ...,62.28,CONMEBOL|esordio|js-heavy|prestazioni|recente,https://www.conmebol.com/noticias/los-primeros-clasificados-a-semifinales/
2025-08-20,unknown,PLAYER_BURST,El Defensa Jeremy Garay Regresa de Pr√©stamo de El ...,33.4,esordio|js-heavy|mercato|prestazioni|youth,https://www.dcunited.com/news/el-defensa-jeremy-garay-regresa-de-prestamo-de-el-paso-locomotive-fc
2025-08-20,unknown,TRANSFER_SIGNAL,Fichaje r√©cord convierte a Brian Fernandez en el √∫ltimo ...,30.8,js-heavy|mercato|prestazioni,https://www.timbers.com/news/fichaje-r-cord-convierte-brian-fernandez-en-el-ltimo-gran-movimiento-de-los-timb
2025-08-19,unknown,TRANSFER_SIGNAL,Racing Club U20 - All transfers,100.0,mercato,https://www.transfermarkt.com/racing-club-u20/alletransfers/verein/15119
2025-08-19,unknown,PLAYER_BURST,Goleada hist√≥rica de la selecci√≥n argentina Sub 20 por 6-0 ...,50.8,CONMEBOL|esordio|mercato|prestazioni,https://www.infobae.com/deportes/2025/01/24/la-seleccion-argentina-sub-20-debutara-en-el-sudamericano-contra-brasil-hora-tv-y-posibles-formaciones/
2025-08-19,africa,PLAYER_BURST,Kenya U-20 Profile: Rising Stars set sights on debut statement ...,45.72,CAF|africa|esordio|prestazioni,https://www.cafonline.com/caf-u-20-africa-cup-of-nations/news/kenya-u-20-profile-rising-stars-set-sights-on-debut-statement-in-egypt/
2025-08-19,africa,NOISE_PULSE,Morocco fight back to claim dramatic victory over Kenya,19.56,africa|prestazioni,https://www.cafonline.com/caf-u-20-africa-cup-of-nations/news/morocco-fight-back-to-claim-dramatic-victory-over-kenya/
2025-08-19,unknown,PLAYER_BURST,Man Utd sensation receives first England U20 call-up,12.2,esordio,https://sports.yahoo.com/official-man-utd-young-sensation-132400565.html
2025-08-18,unknown,NOISE_PULSE,CBF Brasileiro U20 - Transfers 24/25,100.0,js-heavy|mercato|prestazioni|recente,https://www.transfermarkt.com/cbf-brasileiro-u20/transfers/wettbewerb/CB20
2025-08-18,unknown,PLAYER_BURST,D√©but difficile pour les Gu√©pards U20 √† la Coupe des ...,58.3,esordio|mercato,https://229foot.com/debut-difficile-pour-les-guepards-u20-a-la-coupe-des-nations-ufoa-b/
2025-08-18,unknown,NOISE_PULSE,"Destaque do Vit√≥ria, volante √© convocado para Sele√ß√£o Sub-20",41.92,prestazioni|recente,https://www.galaticosonline.com/noticias/vitoria/51626-destaque-do-vitoria-volante-e-convocado-para-selecao-sub-20.html
2025-08-18,unknown,NOISE_PULSE,"Sub-20 se apresenta, e ""estrangeiros"" querem aproveitar vitrine ...",40.83,segnali,https://ge.globo.com/futebol/selecao-brasileira/noticia/2016/12/sub-20-se-apresenta-e-estrangeiros-querem-aproveitar-vitrine-no-equador.html
2025-08-18,unknown,TRANSFER_SIGNAL,CAN U20 : Serigne Saliou Dia d√©voile sa liste des ...,37.9,mercato|prestazioni,https://wiwsport.com/2025/04/18/can-u20-serigne-saliou-dia-devoile-sa-liste-des-convoques-avec-yaya-dieme-pape-diong-mais-sans-amara-diouf-et-mamadou-nging/
2025-08-18,unknown,PLAYER_BURST,Argentina gan√≥ en el debut en el Mundial Sub 20,26.0,CONMEBOL|esordio|prestazioni,https://espndeportes.espn.com/futbol/mundial/nota/_/id/12080821/mundial-sub-20-argentina-debut-triunfo-uzbekistan-carboni
2025-08-18,africa,NOISE_PULSE,CAN U20 : L'√âgypte lance son tournoi par une victoire pleine ...,20.28,africa,https://www.cafonline.com/fr/coupe-dafrique-des-nations-u-20/news/can-u20-legypte-lance-son-tournoi-par-une-victoire-pleine-de-caractere/
2025-08-18,unknown,NOISE_PULSE,"‚ÄºÔ∏è Ryan Roberto, brilha no sub-17 do Flamengo com 20 ...",14.7,js-heavy|prestazioni,https://www.threads.com/@patriarubronegra/post/DMRNlVOu6Aq/ryan-roberto-brilha-no-sub-17-do-flamengo-com-20-gols-e-14-assist%C3%AAncias-em-33-jo
2025-08-17,unknown,PLAYER_BURST,Liga MX: Futbol de Estufa rumbo al Clausura 2025,100.0,CONMEBOL|esordio|mercato|prestazioni|youth,https://espndeportes.espn.com/blogs/index?entryID=14441282&nombre=futbol_de_estufa
2025-08-17,unknown,NOISE_PULSE,J√° come√ßou! Conhe√ßa a Sele√ß√£o sub-20 do üáßüá∑ que ...,48.0,CONMEBOL|prestazioni,https://onefootball.com/pt-br/noticias/ja-comecou-conheca-a-selecao-sub-20-do-que-estreia-no-sul-americano-40610670
2025-08-17,unknown,PLAYER_BURST,"√âdier Ocampo, exjugador de Atl√©tico Nacional, es ...",33.5,CONMEBOL|esordio|mercato|prestazioni|youth,https://www.infobae.com/colombia/deportes/2024/08/09/ex-jugador-de-atletico-nacional-es-oficializado-en-su-nuevo-equipo-de-la-mls/
2025-08-17,africa,NOISE_PULSE,Historique de la Coupe d'Afrique des Nations U-20 CAF ...,25.8,africa|prestazioni,https://www.cafonline.com/fr/coupe-dafrique-des-nations-u-20/news/historique-de-la-coupe-dafrique-des-nations-u-20-caf-totalenergies/
2025-08-17,unknown,TRANSFER_SIGNAL,Fichaje de Rafael Luis: Benfica II a Strasbourg,10.1,mercato|recente|youth,https://www.transferfeed.com/es/fichajes/rafael-luis-benfica-ii-strasbourg/14691172
2025-08-17,unknown,NOISE_PULSE,Estad√≠sticas de Goles Campeonato Sub 20 Brasil - 2024-25,6.6,prestazioni,https://espndeportes.espn.com/futbol/estadisticas/_/liga/BRA.BRASILEIRO_U20/temporada/2024
2025-08-17,unknown,TRANSFER_SIGNAL,[Transfermarkt] Los fichajes sub-18 m√°s caros de la ...,3.0,js-heavy|mercato,https://www.reddit.com/r/soccer/comments/14shsuq/transfermarkt_real_madrids_most_expensive_u18/?tl=es-es
2025-08-14,unknown,NOISE_PULSE,N√£o tem lateral? Igor Felisberto √© convocado para Sele√ß√£o ...,100.0,prestazioni|recente,https://saopaulo.blog/2025/08/04/nao-tem-lateral-igor-felisberto-e-convocado-para-selecao-brasileira-sub20/
2025-08-14,unknown,NOISE_PULSE,S√©lection U20 : un mini stage au Maghreb avant la phase ...,100.0,mercato|prestazioni,https://leopardleader.com/selection-u20-un-mini-stage-au-maghreb-avant-la-phase-finale/
2025-08-14,unknown,NOISE_PULSE,Sub-20: Daniel fala da vantagem alvinegra na semifinal e ...,53.12,prestazioni|recente,https://www.cearasc.com/noticia/sub-20-daniel-fala-da-vantagem-alvinegra-na-semifi
2025-08-14,africa,NOISE_PULSE,R√©publique Centrafricaine U20 : des outsiders pr√™ts √† faire ...,41.88,africa|mercato|prestazioni,https://www.cafonline.com/fr/coupe-dafrique-des-nations-u-20/news/republique-centrafricaine-u20-des-outsiders-prets-a-faire-sensation-en-egypte/
2025-08-14,unknown,TRANSFER_SIGNAL,Fichaje de Sergej Levak: Roma U19 a Inter,31.0,mercato|prestazioni|youth,https://www.transferfeed.com/es/fichajes/sergej-levak-roma-u19-inter/12360675
2025-08-14,unknown,NOISE_PULSE,Gols coletivos na semifinal mostram que Brasil sub-20 n√£o ...,30.92,prestazioni,https://ge.globo.com/blogs/especial-blog/na-base-da-bola/post/gols-coletivos-na-semifinal-mostram-que-brasil-sub-20-nao-depende-de-um-messias.html
2025-08-14,unknown,TRANSFER_SIGNAL,CAN U20 : Trois joueurs √©voluant √† l'√©tranger retenus dans ...,28.9,mercato|prestazioni,https://wiwsport.com/2025/03/16/can-u20-trois-joueurs-evoluant-a-letranger-retenus-dans-la-liste-pour-la-double-confrontation-face-a-la-rdc/
2025-08-14,africa,NOISE_PULSE,"Coupe d'Afrique des Nations U20 CAF TotalEnergies, √âgypte ...",24.96,africa,https://www.cafonline.com/fr/coupe-dafrique-des-nations-u-20/news/coupe-d-afrique-des-nations-u20-caf-totalenergies-egypte-2025-le-programme-officiel-devoile/
2025-08-14,unknown,NOISE_PULSE,Morocco makes a winning start to the U20 AFCON!,22.9,prestazioni,https://foot-africa.com/en/news/morocco-makes-a-winning-start-to-the-u20-afcon-703205/
2025-08-14,unknown,NOISE_PULSE,La Sub 20 de Uruguay debut√≥ en el Torneo de L'Alcudia ...,12.4,prestazioni,https://espndeportes.espn.com/futbol/mundial/nota/_/id/13939737/triunfo-uruguay-sub-20-elche-fabian-coito-torneo-lalcudia
2025-08-13,unknown,PLAYER_BURST,Liga MX: Futbol de Estufa rumbo al Apertura 2025,100.0,CONMEBOL|esordio|mercato|prestazioni|youth,https://espndeportes.espn.com/futbol/mexico/nota/_/id/15090382/liga-mx-futbol-estufa-apertura-2025-rumores-fichajes
2025-08-13,unknown,TRANSFER_SIGNAL,"Mercado de fichajes hoy en directo | Altas, bajas y √∫ltima ...",100.0,CONMEBOL|mercato|prestazioni|youth,https://www.marca.com/futbol/mercado-fichajes/2025/02/03/67a06b747aeb1c2f7518122a-directo.html
2025-08-13,unknown,PLAYER_BURST,Grandes Jugadores que iniciaron su carrera en el ...,79.6,esordio|mercato|prestazioni|youth,https://www.concacaf.com/es/sub-15-hombres/noticias/grandes-jugadores-que-iniciaron-su-carrera-en-el-campeonato-sub-15-masculino-de-concacaf/
2025-08-13,international,PLAYER_BURST,"M√©xico Sub 20 Resultados, estad√≠sticas y highlights",50.7,esordio|international|prestazioni|youth,https://espndeportes.espn.com/futbol/equipo/_/id/5172/mexico-sub-20
2025-08-13,unknown,NOISE_PULSE,Sub-20: Cear√° fecha prepara√ß√£o para estreia alvinegra no ...,40.92,recente,https://www.cearasc.com/noticia/sub-20-ceara-fecha-preparacao-para-estreia-alvineg
2025-08-13,unknown,NOISE_PULSE,Mundial sub-20 2025: que jogadores podem refor√ßar a ...,40.3,CONMEBOL|mercato|prestazioni,https://www.olympics.com/pt/noticias/mundial-sub-20-2025-jogadores-podem-reforcar-selecao
2025-08-13,unknown,NOISE_PULSE,3 jogos e 3 assist√™ncias: Ramon se destaca pelo sub-20 ...,37.7,CONMEBOL|mercato|prestazioni,https://fla.mundobola.com/3-jogos-3-assistencias-ramon-se-destaca-sub-20-flamengo/
2025-08-13,unknown,NOISE_PULSE,Jogadores convocados para o sul-americano masculino ...,32.4,CONMEBOL|prestazioni,https://www.olympics.com/pt/noticias/veja-jogadores-convocados-sul-americano-masculino-sub-20-futebol
2025-08-13,south-america,NOISE_PULSE,Real Madrid CF - Flujo de fichajes,1.3,mercato|south-america,https://www.transfermarkt.co/real-madrid/transferstroeme/verein/418
2025-08-12,south-america,NOISE_PULSE,Campeonato Sudamericano Sub-20 - Lista de goleadores ...,100.0,CONMEBOL|mercato|prestazioni|recente|south-america|youth,https://www.transfermarkt.co/campeonato-sudamericano-sub-20-2025/scorerliste/pokalwettbewerb/2SAM/saison_id/2024/altersklasse//plus/1
2025-08-12,unknown,PLAYER_BURST,Los 39 mejores jugadores de 21 a√±os o menos en el futbol ...,100.0,esordio|mercato|prestazioni|recente|youth,https://espndeportes.espn.com/futbol/nota/_/id/14986580/mejores-jugadores-sub-21-futbol-mundial-premier-league-barcelona-psg
2025-08-12,unknown,NOISE_PULSE,¬°Colombia y Paraguay al Mundial Sub20!,77.76,CONMEBOL|prestazioni|recente|youth,https://www.conmebol.com/noticias/colombia-y-paraguay-al-mundial-sub20/
2025-08-12,south-america,NOISE_PULSE,Copa Mundial Sub-20 - Lista de goleadores y asistentes,69.7,mercato|prestazioni|recente|south-america|youth,https://www.transfermarkt.co/copa-mundial-sub-20-de-2015/scorerliste/pokalwettbewerb/20WC/saison_id/2014/altersklasse//sort/age
2025-08-12,unknown,PLAYER_BURST,El Sub 20 debut√≥ con un triunfo y tres pinchas,35.0,esordio|prestazioni|recente|youth,https://estudiantesdelaplata.com/el-sub-20-debuto-con-un-triunfo-y-tres-pinchas/
2025-08-12,unknown,PLAYER_BURST,la Argentina cre√≥ un show de f√∫tbol y borr√≥ de la cancha a Brasil,31.1,CONMEBOL|esordio|prestazioni|recente|youth,https://es-us.noticias.yahoo.com/deportes/sudamericano-sub-20-argentina-cre%C3%B3-020815622.html
2025-08-12,unknown,NOISE_PULSE,Mundial sub-20 de futebol masculino 2025,25.5,recente,https://www.olympics.com/pt/noticias/mundial-sub-20-futebol-masculino-2025-classificados-datas-local
2025-08-12,unknown,TRANSFER_SIGNAL,Fichaje de Divin Mubama: Manchester City U21 a Stoke City,21.7,mercato|prestazioni|recente|youth,https://www.transferfeed.com/es/fichajes/divin-mubama-manchester-city-u21-stoke-city/12361703
2025-08-12,south-america,PLAYER_BURST,Se acerca el debut colombiano en el Sudamericano Sub,17.9,CONMEBOL|esordio|js-heavy|recente|south-america,https://olimpicocol.co/web/se-acerca-el-debut-colombiano-en-el-sudamericano-sub-20-de-futbol/
2025-08-12,unknown,NOISE_PULSE,Tabla de posiciones Sudamericano sub 20: Estadisticas ...,16.4,CONMEBOL|prestazioni|recente,https://www.futbolred.com/tabla-de-posiciones/sudamericano-sub-20
